genus,HC_mean,RA_mean,diff,p_value,cliffs_d,q_value,effect
Veillonella,-0.8696045164777105,-0.03498568564560044,0.8346188308321101,6.838972867552535e-25,0.2741307385130649,8.753885270467245e-23,small
Terrisporobacter,-1.3590300125874786,-0.8713716226321889,0.48765838995528965,6.625933655537646e-24,0.2682580419280149,4.240597539544094e-22,small
Erysipelatoclostridium,-0.9902095434008196,-0.13020978904692207,0.8599997543538975,5.2399736120659865e-22,0.2565853142949626,2.2357220744814875e-20,small
[Ruminococcus] gnavus group,0.8298783810954632,2.137526501060461,1.3076481199649979,3.948153735691231e-21,0.25101208780198864,1.2634091954211938e-19,small
Rothia,-1.6155133872845648,-1.3417500325200056,0.27376335476455926,2.3478707620693154e-20,0.24598935780180145,6.010549150897447e-19,small
Lachnospiraceae NC2004 group,-1.3779256130611435,-1.0396063828932227,0.33831923016792076,6.448031339135718e-20,0.24309815022168493,1.3755800190156198e-18,small
Defluviitaleaceae UCG-011,-1.6612112848392573,-1.4987531412584363,0.162458143580821,5.800168704821755e-19,0.23669257303161723,1.060602277453121e-17,small
Haemophilus,-1.6271824453923587,-1.4446840783789394,0.18249836701341926,1.162611791256189e-18,0.23462931217665212,1.8080574433955456e-17,small
Tyzzerella 4,-1.0681608375584124,-0.2542525485731015,0.8139082889853109,1.271290389887493e-18,0.23436287187414329,1.8080574433955456e-17,small
GCA-900066225,-1.619291255950726,-1.4480870917882185,0.1712041641625075,1.7683310387591818e-18,0.23337638215906925,2.2634637296117525e-17,small
Sellimonas,-1.464607786710402,-1.1910997896911109,0.27350799701929107,1.031377308705274e-17,0.22803436419306572,1.2001481410388643e-16,small
Staphylococcus,-1.64958174289308,-1.4358927231121943,0.21368901978088561,1.1703228194231568e-17,0.2276468146621438,1.248344340718034e-16,small
Coprobacillus,-1.6569282731609138,-1.472242501942129,0.18468577121878482,1.4920084231659204e-17,0.22690034141792484,1.4690544474249062e-16,small
Granulicatella,-1.3694519129549347,-0.9794099423198319,0.3900419706351028,3.185762046075513e-17,0.2245530243726817,2.912696727840469e-16,small
Blautia,4.450483210873201,4.878113191563517,0.4276299806903161,7.57169660574093e-17,0.22184458162817045,6.461181103565594e-16,small
Akkermansia,-1.548806652407721,-1.3799927049721017,0.1688139474356194,2.3997784303349623e-16,0.2181848809441235,1.806891994605148e-15,small
Lactobacillus,-0.8677656115176714,-0.34181099041225943,0.525954621105412,8.60488765578184e-16,0.21406276320613563,6.1190312218893086e-15,small
Absiella,-1.5184349617683204,-1.3122119139438895,0.2062230478244309,1.8697516832956137e-15,0.2115194694094604,1.2596221866412555e-14,small
Gemella,-1.5632481891502488,-1.3318614950633088,0.23138669408694001,2.052916823536102e-15,0.21121119137349975,1.3138667670631054e-14,small
Fournierella,-1.6259887226371161,-1.4888801055143117,0.13710861712280442,2.375453022871374e-15,0.2107289564458185,1.447895175845409e-14,small
Hungatella,-1.3514855922473337,-1.0573387316328546,0.29414686061447903,2.950021908311225e-15,0.21001110901922443,1.71637638301744e-14,small
metagenome,-1.483568966221133,-1.3622157861859285,0.12135318003520457,5.199274980235096e-15,0.20812180505598,2.893509554217793e-14,small
[Clostridium] innocuum group,-1.2291142187243966,-0.8264530635322818,0.4026611551921149,8.842912255994088e-15,0.20633599443337947,4.7162198698635135e-14,small
Prevotella 2,-1.3732559941950766,-1.3092996352283857,0.06395635896669094,2.6586847430246858e-14,0.20258601232451548,1.361246588428639e-13,small
Lachnospiraceae UCG-003,-1.5429912256844294,-1.4062510881039758,0.13674013758045356,5.086132247815575e-14,0.20034439060588746,2.5039420296938216e-13,small
Intestinibacter,-0.16225444893108484,0.4009997468812029,0.5632541958122878,5.958110678383209e-14,0.1997938941131006,2.8245858030853733e-13,small
Anaerotruncus,-1.5592069555485197,-1.42900883825768,0.13019811729083974,6.55431626044588e-14,0.19946139423145734,2.9962588619181165e-13,small
Tyzzerella,-1.4256594423042435,-1.3253026065459654,0.10035683575827803,3.803478461094927e-13,0.19323197591908142,1.6787767000694851e-12,small
Eisenbergiella,-1.4764408134405202,-1.368130454138513,0.10831035930200716,5.743733222958964e-13,0.1917434334025858,2.450659508462491e-12,small
Peptococcus,-1.6146088225982296,-1.4976278684936806,0.116980954104549,1.4872680897290642e-12,0.18826429556817292,6.140977918881297e-12,small
uncultured bacterium,-1.4680967599407253,-1.413552573770254,0.05454418617047141,1.2691723204616357e-11,0.18018741102600436,4.953930943981715e-11,small
Intestinimonas,-1.408546116732533,-1.2875196387252865,0.12102647800724653,1.277185321495286e-11,0.18016318918032173,4.953930943981715e-11,small
Phocea,-1.6120741890064274,-1.5267332251285572,0.08534096387787016,2.8811036069417138e-11,0.17700554129769638,1.0846507696721746e-10,small
TM7 phylum sp. oral clone DR034,-1.3920283824557387,-1.135200182495954,0.2568281999597848,6.061829999185745e-11,0.17407029399815693,2.2168978282736438e-10,small
Actinomyces,-1.1446861349842083,-0.9359065707028713,0.20877956428133704,1.2065386121630033e-10,0.17131120557630927,4.289915065468456e-10,small
Solobacterium,-1.4908190068629485,-1.3224115514829706,0.16840745537997792,2.2690798738354463e-10,0.16874148794798027,7.849789833809111e-10,small
Fusobacterium,-1.15263794647604,-0.9974132427822532,0.15522470369378671,2.492542531502133e-10,0.1683561404030295,8.299917033412596e-10,small
Bifidobacterium,2.723512615049938,3.3425485947105584,0.6190359796606204,2.5288809711179e-10,0.1682966867818085,8.299917033412596e-10,small
Lachnospiraceae UCG-008,-1.2328344532011006,-1.0438521161857433,0.18898233701535738,5.973057309258916e-10,0.16472946950854975,1.911378338962853e-09,small
Holdemania,-1.2890725109350234,-1.0869674208463573,0.20210509008866606,1.0012649128804376e-09,0.16254950339711385,3.125900215821854e-09,small
UBA1819,-1.2367133721568242,-1.0929561678344057,0.14375720432241845,1.3862320563697909e-09,0.16116225223529101,4.2247072194126956e-09,small
Clostridium sensu stricto 1,0.5198798694406176,1.0659936676804083,0.5461137982397907,2.782546697330822e-09,0.15815213741273254,8.094681301326028e-09,small
Turicibacter,-0.7456526262127184,-0.33900915309612384,0.4066434731165946,7.231671709006382e-09,0.1539353342779853,2.0570088416729265e-08,small
Anaerostipes,1.975680526192228,2.3201443533549924,0.34446382716276447,3.398718650330965e-08,0.1468603533526888,9.256084834943904e-08,negligible
Flavonifractor,-0.03632424658544314,0.3851011936574119,0.42142544024285505,5.617049455209342e-08,0.14449321843370536,1.4978798547224913e-07,negligible
Ruminococcaceae UCG-010,-1.2933526396150148,-1.2006189224355095,0.09273371717950529,7.122864192653282e-08,0.1433613976445356,1.8606665646114694e-07,negligible
Adlercreutzia,-1.582353603848771,-1.5294746829334973,0.0528789209152738,7.400124488901594e-08,0.14317863280893037,1.894431869158808e-07,negligible
Ruminiclostridium 5,-0.3537036067536168,-0.013157450638377376,0.3405461561152394,1.3014894644316703e-07,0.14045037219067877,3.2664833617108586e-07,negligible
Megasphaera,-1.0953062900055412,-1.1238783336164289,-0.02857204361088761,1.5278284856250275e-07,0.1396664651849503,3.760808580000068e-07,negligible
Ruminococcaceae UCG-009,-1.4547944660173162,-1.3866643038440942,0.06813016217322199,1.5851197339380782e-07,0.13948590233531621,3.828213697058e-07,negligible
GCA-900066575,-1.1407234201318512,-1.0486774328709842,0.09204598726086699,4.859843264794409e-07,0.13388184803874614,1.1310180688976078e-06,negligible
Streptococcus,2.469720827457967,2.885841219724922,0.41612039226695474,3.3220709812227036e-06,0.123719682781901,7.4600892209913346e-06,negligible
Ruminiclostridium 6,-1.0040122020809514,-0.9777703411595097,0.026241860921441762,9.719614139358442e-06,0.11769284717887063,2.145018292823932e-05,negligible
[Eubacterium] xylanophilum group,-0.9632154488539981,-0.9994143801233497,-0.036198931269351586,1.1406029136276005e-05,0.11677021505695988,2.4745283549886927e-05,negligible
Desulfovibrio,-0.9769991979459823,-0.9798241783947936,-0.0028249804488112984,1.4707210443807449e-05,0.11529048048434884,3.137538228012256e-05,negligible
Family XIII AD3011 group,-1.1608218402827954,-1.098986483927489,0.06183535635530646,1.963752621737701e-05,0.11358614334268076,4.12066123905616e-05,negligible
Enterococcus,-0.6707581298233122,-0.5357078084983375,0.13505032132497463,2.09216408833387e-05,0.11320960374161457,4.319306504947344e-05,negligible
Holdemanella,-0.8169361689701253,-0.8484097123125875,-0.03147354334246222,5.9366324718322666e-05,0.10683705634111405,0.00012061729466579844,negligible
Citrobacter,-1.2087270858735093,-1.3392588975667379,-0.13053181169322858,9.278584149650477e-05,0.10400089841027622,0.00018271673402388633,negligible
Romboutsia,1.314480714107668,1.6316007552645715,0.3171200411569035,0.00014495203594024083,0.10109647891433284,0.00027692329254254964,negligible
Negativibacillus,-1.2076774889275685,-1.2489973637851908,-0.04131987485762223,0.0002441630711504496,0.0976041291640931,0.0004529401899602544,negligible
Ruminococcus 2,1.8256908740310502,2.1639629215880825,0.3382720475570322,0.0002699320226984153,0.09691931152706626,0.0004866380127520727,negligible
Lachnospiraceae UCG-004,0.09559485503098623,0.3458085860636752,0.25021373103268896,0.0009104595861819926,0.08825229474463019,0.0014940875260422441,negligible
Paraprevotella,-0.8534325978623252,-0.9378009820053822,-0.08436838414305703,0.0018180312619211867,0.08297413437178992,0.0029456709053912898,negligible
Weissella,-1.2336491190654255,-1.3554850277286137,-0.12183590866318816,0.0019596949888909198,0.08238400213152242,0.0031355119822254716,negligible
Coprobacter,-1.1648343673753765,-1.2340993887079905,-0.06926502133261403,0.005020653432554659,0.07465282938682398,0.007742694450204775,negligible
Prevotella 9,0.22590987747883756,0.08141911509092653,-0.14449076238791103,0.00781868323764117,0.07077072811969115,0.011914183981167498,negligible
Moryella,-1.070526361774863,-1.0987760626106629,-0.028249700835799807,0.008346933827537047,0.0701827978653948,0.01242334337121793,negligible
gut metagenome,-0.6387874407778992,-0.7476862444786058,-0.10889880370070659,0.012092708438652273,0.06676971961011637,0.017589394092585125,negligible
Faecalibacterium,4.340750314287379,4.309563698961863,-0.03118661532551581,0.014490230986187383,0.06505217055262141,0.020608328513688722,negligible
Collinsella,-0.26940612772866984,-0.12134725466842775,0.1480588730602421,0.02390412573615255,0.06009770211753981,0.032900302088468024,negligible
Lachnospiraceae UCG-001,-0.5045009447759534,-0.5641305398000867,-0.05962959502413323,0.026547016916444968,0.059018728991677594,0.03614912941813783,negligible
Enterobacter,-0.9043779856006728,-1.2411702380986733,-0.3367922524980005,0.03631378524000903,0.055700336133158494,0.048418380320012035,negligible
Lactococcus,-1.3269005878646682,-1.472884662672532,-0.1459840748078638,0.04598923119911156,0.05309538672929115,0.05946082417662909,negligible
Family XIII UCG-001,-1.0490511490080863,-1.0840209034974737,-0.03496975448938744,0.08386706946198394,0.045996183958312,0.10628697912013806,negligible
Ruminococcaceae UCG-013,1.0325587065457487,1.1559174912392471,0.12335878469349848,0.09839129667441587,0.04397476083679871,0.121096980522358,negligible
Fusicatenibacter,3.3578924261525107,3.3026263661682207,-0.05526605998429002,0.10460869138499851,0.043182045887185654,0.1265123427801161,negligible
[Eubacterium] hallii group,1.8744130932377683,1.8142798344047761,-0.06013325883299214,0.10476803386478364,0.043162228013445325,0.1265123427801161,negligible
Butyricicoccus,1.8585346865173993,1.8639653782241286,0.005430691706729274,0.11971819516707623,0.041400639236527426,0.1432142895456613,negligible
Subdoligranulum,2.2169593207874057,2.120782659339724,-0.09617666144768178,0.12765038307379065,0.04053525874986651,0.1512893429022704,negligible
Megamonas,-0.07943215814637024,-0.19753848737195023,-0.11810632922558,0.13457860432673469,0.039813007351330164,0.15803726012680772,negligible
Bacteroides,5.630774054943877,5.640731132887093,0.00995707794321632,0.19272893176606787,0.034658158192874156,0.22224597536988006,negligible
[Eubacterium] eligens group,0.7022496390617766,0.6559010921062216,-0.046348546955555014,0.2164548172372569,0.03288776147207166,0.24737693398543645,negligible
Ruminococcaceae UCG-004,-0.7302487527726931,-0.7402323981965672,-0.009983645423874088,0.332283239487415,0.025797366644977105,0.36352354405460785,negligible
[Eubacterium] ruminantium group,-0.3660903463977961,-0.7431090507423717,-0.3770187043445756,0.3991436056832408,0.022434934067035058,0.42223455807813903,negligible
Allisonella,-0.8760680181768168,-1.043088787401774,-0.16702076922495723,0.49250955052656453,0.018262170651710777,0.5125302639626037,negligible
Ruminococcaceae UCG-014,0.1589711759310623,-0.14123963134570697,-0.3002108072767693,0.7787985683168992,0.007474641379059774,0.7849308405083708,negligible
Escherichia-Shigella,2.957157442892391,2.9501859335598617,-0.006971509332529102,0.9089418417847349,-0.00304424560511125,0.9089418417847349,negligible
Marvinbryantia,-0.4188797598580286,-0.6739321331522751,-0.25505237329424646,0.665377995161907,-0.01150867967820177,0.6759395506406675,negligible
Ruminiclostridium 9,-0.4420581405862674,-0.5328429176504169,-0.0907847770641495,0.6280502811307259,-0.012891526868082323,0.6431234878778633,negligible
Lachnospiraceae UCG-006,0.20655226910948082,-0.09509025156968559,-0.3016425206791664,0.613851453973546,-0.013426609459071136,0.6336531137791442,negligible
Erysipelotrichaceae UCG-003,2.2166492788538146,2.1158300438447157,-0.10081923500909884,0.47136852962390263,-0.019164984899881204,0.49455058845786504,negligible
Barnesiella,-0.3836078244088494,-0.6447492559009911,-0.2611414314921417,0.37076475361310235,-0.023815579270944465,0.3954824038539758,negligible
[Ruminococcus] gauvreauii group,0.42375699409644996,0.21775294914442112,-0.20600404495202884,0.3408552606681169,-0.025343757534920745,0.36663422996234424,negligible
Christensenellaceae R-7 group,0.19923015086171914,-0.03667599589219745,-0.23590614675391658,0.33826056008298533,-0.02548028066513188,0.36663422996234424,negligible
Sutterella,-0.39651319383444233,-0.6833601965104494,-0.2868470026760071,0.29506701444493855,-0.027860627499942198,0.32559118835303563,negligible
Lachnospiraceae FCS020 group,-0.008217331420143146,-0.2471636199336017,-0.23894628851345856,0.279328290761917,-0.028785461607824095,0.3109045323263076,negligible
Parabacteroides,2.1950137651219266,1.994854106240416,-0.20015965888151066,0.26940977534780775,-0.029386603777947332,0.30249518635543327,negligible
Coprococcus 2,0.26201151622054086,-0.176527143265516,-0.43853865948605686,0.22160477052725103,-0.032522231800861195,0.25102133298662066,negligible
Lachnoclostridium,3.5630585714518777,3.342768497966621,-0.22029007348525687,0.18169002099248277,-0.03553675059536196,0.2114211153367072,negligible
Lachnospiraceae ND3007 group,0.4778220284093285,0.32854467578933694,-0.1492773526199916,0.09650176073281307,-0.04422358525153836,0.11992451819223371,negligible
Coprococcus 3,0.9913757148372907,0.6826890760893785,-0.30868663874791225,0.09335789177672608,-0.04464636655799866,0.11715500144530332,negligible
[Eubacterium] coprostanoligenes group,1.0769557755559498,0.8523217946196587,-0.22463398093629106,0.05650696518061539,-0.05074366571210575,0.0723289154311877,negligible
Dialister,1.3555249769263678,1.0067315495893416,-0.3487934273370261,0.045845144079151655,-0.05313061850482951,0.05946082417662909,negligible
Agathobacter,3.43826804182212,3.066041224897351,-0.37222681692476867,0.0431960266497172,-0.05379561826811601,0.057000942383131976,negligible
[Eubacterium] ventriosum group,1.6324488387533553,1.3758244510525721,-0.2566243877007832,0.028772954093123696,-0.058179772336670446,0.038767769725471926,negligible
Butyricimonas,-0.49004815024520665,-0.7877972680519972,-0.2977491178067906,0.01834613396596782,-0.0627554991847147,0.02552505595265088,negligible
Roseburia,4.039942368735444,3.749680546632142,-0.290261822103302,0.01739094105585001,-0.06328177383181892,0.024461983023613198,negligible
Lachnospira,1.9461314632106386,1.6419447261608684,-0.3041867370497702,0.012882554735508908,-0.06617298141193542,0.018527719170170116,negligible
Lachnospiraceae NK4A136 group,1.6614212179323415,1.2714546679890177,-0.3899665499433238,0.010806218383469752,-0.06782006691835367,0.015898804058438257,negligible
Ruminococcaceae UCG-005,0.40775531971985973,0.1075739523772923,-0.30018136734256745,0.008197418946209286,-0.0703457448272597,0.012344348530762219,negligible
Tyzzerella 3,0.7115001121186663,0.3120301070533312,-0.3994700050653351,0.003541475027142088,-0.07759688463024803,0.005528156139929113,negligible
Ruminococcaceae UCG-003,-0.2892462161461018,-0.6117483035351723,-0.3225020873890705,0.0034615122815335906,-0.0777862554237667,0.005470044099213575,negligible
CAG-56,0.5860040269799046,0.03833271526426023,-0.5476713117156444,0.0007816852730540607,-0.08937971156185764,0.0012994248694924646,negligible
Ruminococcus 1,1.3458467803611265,0.8653254477775417,-0.48052133258358476,0.0006142526474967699,-0.09113689636683325,0.001034530774731402,negligible
Oscillibacter,-0.1586154983279618,-0.48570939239378347,-0.3270938940658217,0.0005682237034965258,-0.09169840278947583,0.000969768453967404,negligible
Ruminococcaceae NK4A214 group,0.526951457717551,0.08029740301476773,-0.4466540547027833,0.0004142381948152182,-0.0939466304660173,0.0007165201207614585,negligible
Coprococcus 1,0.097877954635651,-0.2507787857227724,-0.3486567403584234,0.00033107850233780477,-0.09551224249150309,0.0005805212095786166,negligible
Odoribacter,-0.24113576800387315,-0.5456264714603803,-0.3044907034565072,0.0003223587993554679,-0.09569720931307947,0.0005730823099652763,negligible
Phascolarctobacterium,1.384012184837908,1.0287475634330139,-0.35526462140489423,0.000251616326454867,-0.09739934446877639,0.0004600984255174711,negligible
[Ruminococcus] torques group,2.6294725994248487,2.1806628276013824,-0.44880977182346626,0.00024024205257125624,-0.09771422846265046,0.00045222033425177646,negligible
Klebsiella,0.40622691679455875,-0.3501812284720433,-0.756408145266602,0.00011521667751664095,-0.1026004353326265,0.00022345052609287942,negligible
Dorea,3.1468622609761305,2.7073077114356012,-0.4395545495405293,6.839590150420246e-05,-0.10594525202279936,0.00013679180300840493,negligible
Parasutterella,0.7673980411415408,0.26275364381252164,-0.5046443973290191,1.8882371791549283e-06,-0.12678484725373815,4.315970695211264e-06,negligible
Ruminococcaceae UCG-002,1.0731999505587617,0.4970942340112764,-0.5761057165474853,2.524100448121352e-07,-0.13718482699546722,5.983052914065428e-07,negligible
Lachnospiraceae UCG-010,0.3364812303180783,-0.12719602678387879,-0.46367725710195706,1.5962157618669425e-08,-0.15035490508889968,4.441643859108014e-08,small
Alistipes,1.9281794095438012,1.3580259717419614,-0.5701534378018398,2.4210449337460706e-09,-0.15875768355479808,7.2068314306859776e-09,small
Bilophila,0.11100057634537265,-0.47452192446272645,-0.5855225008080991,1.0937670887860679e-16,-0.22068413502137577,8.750136710288543e-16,small
