genus,cliffs_d_bj,q_value_bj,effect_bj,cliffs_d_other,q_value_other,effect_other,same_direction,replicated
Veillonella,0.2741307385130649,8.753885270467245e-23,small,0.3359118727050184,6.207018486916877e-05,medium,True,True
Terrisporobacter,0.2682580419280149,4.240597539544094e-22,small,0.31525091799265603,0.00015476638854639824,small,True,True
Erysipelatoclostridium,0.2565853142949626,2.2357220744814875e-20,small,0.3697919216646267,2.6927968605146476e-05,medium,True,True
[Ruminococcus] gnavus group,0.25101208780198864,1.2634091954211938e-19,small,0.27265605875153,0.0007923353779369516,small,True,True
Rothia,0.24598935780180145,6.010549150897447e-19,small,0.31152998776009794,0.00015749149643990188,small,True,True
Lachnospiraceae NC2004 group,0.24309815022168493,1.3755800190156198e-18,small,0.02727050183598531,0.7750499850435671,negligible,True,False
Defluviitaleaceae UCG-011,0.23669257303161723,1.060602277453121e-17,small,0.32406364749082006,9.900390659668157e-05,small,True,True
Haemophilus,0.23462931217665212,1.8080574433955456e-17,small,0.2805875152998776,0.00061212971499992,small,True,True
Tyzzerella 4,0.23436287187414329,1.8080574433955456e-17,small,0.2811750305997552,0.00061212971499992,small,True,True
GCA-900066225,0.23337638215906925,2.2634637296117525e-17,small,0.23495716034271727,0.0029749654380966197,small,True,True
Sellimonas,0.22803436419306572,1.2001481410388643e-16,small,0.2660954712362301,0.0010948352427452462,small,True,True
Staphylococcus,0.2276468146621438,1.248344340718034e-16,small,0.25268053855569156,0.0016144538637766403,small,True,True
Coprobacillus,0.22690034141792484,1.4690544474249062e-16,small,0.23652386780905751,0.002817353694410412,small,True,True
Granulicatella,0.2245530243726817,2.912696727840469e-16,small,0.3475642594859241,3.9148038307583876e-05,medium,True,True
Blautia,0.22184458162817045,6.461181103565594e-16,small,0.24621787025703795,0.002131534844464552,small,True,True
Akkermansia,0.2181848809441235,1.806891994605148e-15,small,0.24004895960832312,0.0025432099412061836,small,True,True
Lactobacillus,0.21406276320613563,6.1190312218893086e-15,small,0.27980416156670745,0.00061212971499992,small,True,True
Absiella,0.2115194694094604,1.2596221866412555e-14,small,0.25395348837209303,0.0015999981701110785,small,True,True
Gemella,0.21121119137349975,1.3138667670631054e-14,small,0.3321909424724602,6.676039432109568e-05,medium,True,True
Fournierella,0.2107289564458185,1.447895175845409e-14,small,0.2619828641370869,0.0013151160730319267,small,True,True
Hungatella,0.21001110901922443,1.71637638301744e-14,small,0.284406364749082,0.0006005253728806405,small,True,True
metagenome,0.20812180505598,2.893509554217793e-14,small,0.16004895960832313,0.04503222085759698,small,True,True
[Clostridium] innocuum group,0.20633599443337947,4.7162198698635135e-14,small,0.308984088127295,0.000168540000275741,small,True,True
Prevotella 2,0.20258601232451548,1.361246588428639e-13,small,0.10178702570379437,0.21799256127098868,negligible,True,False
Lachnospiraceae UCG-003,0.20034439060588746,2.5039420296938216e-13,small,0.24288861689106486,0.0023448388480424255,small,True,True
Intestinibacter,0.1997938941131006,2.8245858030853733e-13,small,0.12558139534883722,0.12976441015176166,negligible,True,False
Anaerotruncus,0.19946139423145734,2.9962588619181165e-13,small,0.30046511627906974,0.00024396299788696728,small,True,True
Tyzzerella,0.19323197591908142,1.6787767000694851e-12,small,0.22545899632802938,0.004632517956001616,small,True,True
Eisenbergiella,0.1917434334025858,2.450659508462491e-12,small,0.25532435740514076,0.0015999981701110785,small,True,True
Peptococcus,0.18826429556817292,6.140977918881297e-12,small,0.2115544675642595,0.007809317705443812,small,True,True
uncultured bacterium,0.18018741102600436,4.953930943981715e-11,small,0.17679314565483475,0.02580809119533619,small,True,True
Intestinimonas,0.18016318918032173,4.953930943981715e-11,small,0.24083231334149327,0.002509661885201822,small,True,True
Phocea,0.17700554129769638,1.0846507696721746e-10,small,0.2569889840881273,0.0015999981701110785,small,True,True
TM7 phylum sp. oral clone DR034,0.17407029399815693,2.2168978282736438e-10,small,0.2150795593635251,0.006922922076816764,small,True,True
Actinomyces,0.17131120557630927,4.289915065468456e-10,small,0.3130966952264382,0.00015749149643990188,small,True,True
Solobacterium,0.16874148794798027,7.849789833809111e-10,small,0.27862913096695224,0.0006209758368331712,small,True,True
Fusobacterium,0.1683561404030295,8.299917033412596e-10,small,0.25395348837209303,0.0015999981701110785,small,True,True
Bifidobacterium,0.1682966867818085,8.299917033412596e-10,small,0.02492044063647491,0.7809829177728316,negligible,True,False
Lachnospiraceae UCG-008,0.16472946950854975,1.911378338962853e-09,small,0.11294981640146878,0.17222834741360862,negligible,True,False
Holdemania,0.16254950339711385,3.125900215821854e-09,small,0.23740514075887392,0.002762447273033719,small,True,True
UBA1819,0.16116225223529101,4.2247072194126956e-09,small,0.34873929008567933,3.9148038307583876e-05,medium,True,True
Clostridium sensu stricto 1,0.15815213741273254,8.094681301326028e-09,small,-0.0017135862913096695,0.9846477974050026,negligible,False,False
Turicibacter,0.1539353342779853,2.0570088416729265e-08,small,0.15975520195838433,0.04503222085759698,small,True,True
Anaerostipes,0.1468603533526888,9.256084834943904e-08,negligible,0.0600734394124847,0.491675660116184,negligible,True,False
Flavonifractor,0.14449321843370536,1.4978798547224913e-07,negligible,0.1947123623011016,0.014903218860995923,small,True,False
Ruminococcaceae UCG-010,0.1433613976445356,1.8606665646114694e-07,negligible,0.14976744186046512,0.06241125905949109,small,True,False
Adlercreutzia,0.14317863280893037,1.894431869158808e-07,negligible,0.22281517747858018,0.0050253889579983104,small,True,False
Ruminiclostridium 5,0.14045037219067877,3.2664833617108586e-07,negligible,0.17894736842105263,0.025253317248026985,small,True,False
Megasphaera,0.1396664651849503,3.760808580000068e-07,negligible,0.28225214198286414,0.00061212971499992,small,True,False
Ruminococcaceae UCG-009,0.13948590233531621,3.828213697058e-07,negligible,0.17385556915544675,0.028511894832592907,small,True,False
GCA-900066575,0.13388184803874614,1.1310180688976078e-06,negligible,0.11236230110159119,0.17304333476831327,negligible,True,False
Streptococcus,0.123719682781901,7.4600892209913346e-06,negligible,0.34570379436964505,3.9148038307583876e-05,medium,True,False
Ruminiclostridium 6,0.11769284717887063,2.145018292823932e-05,negligible,0.13184822521419828,0.10975893348685496,negligible,True,False
[Eubacterium] xylanophilum group,0.11677021505695988,2.4745283549886927e-05,negligible,0.17121175030599756,0.031105156276665314,small,True,False
Desulfovibrio,0.11529048048434884,3.137538228012256e-05,negligible,0.06839657282741739,0.4362005278740433,negligible,True,False
Family XIII AD3011 group,0.11358614334268076,4.12066123905616e-05,negligible,0.2534638922888617,0.0015999981701110785,small,True,False
Enterococcus,0.11320960374161457,4.319306504947344e-05,negligible,0.25454100367197063,0.0015999981701110785,small,True,False
Holdemanella,0.10683705634111405,0.00012061729466579844,negligible,0.11040391676866584,0.18065874752928146,negligible,True,False
Citrobacter,0.10400089841027622,0.00018271673402388633,negligible,0.1891309669522644,0.017858995712863698,small,True,False
Romboutsia,0.10109647891433284,0.00027692329254254964,negligible,-0.11569155446756425,0.16121963898611602,negligible,False,False
Negativibacillus,0.0976041291640931,0.0004529401899602544,negligible,0.22075887392900856,0.005421149095354875,small,True,False
Ruminococcus 2,0.09691931152706626,0.0004866380127520727,negligible,0.10648714810281518,0.19886803612112952,negligible,True,False
Lachnospiraceae UCG-004,0.08825229474463019,0.0014940875260422441,negligible,-0.0600734394124847,0.491675660116184,negligible,False,False
Paraprevotella,0.08297413437178992,0.0029456709053912898,negligible,-0.047539779681762546,0.5876619129036778,negligible,False,False
Weissella,0.08238400213152242,0.0031355119822254716,negligible,0.30350061199510403,0.00021861704895336182,small,True,False
Coprobacter,0.07465282938682398,0.007742694450204775,negligible,-0.20381884944920442,0.010624735385584566,small,False,False
Prevotella 9,0.07077072811969115,0.011914183981167498,negligible,0.07593635250917993,0.38090574719869374,negligible,True,False
Moryella,0.0701827978653948,0.01242334337121793,negligible,0.07564259485924113,0.38090574719869374,negligible,True,False
gut metagenome,0.06676971961011637,0.017589394092585125,negligible,0.001419828641370869,0.9846477974050026,negligible,True,False
Faecalibacterium,0.06505217055262141,0.020608328513688722,negligible,-0.11627906976744186,0.16121963898611602,negligible,False,False
Collinsella,0.06009770211753981,0.032900302088468024,negligible,0.07593635250917993,0.38090574719869374,negligible,True,False
Lachnospiraceae UCG-001,0.059018728991677594,0.03614912941813783,negligible,-0.1046266829865361,0.20673098426936717,negligible,False,False
Enterobacter,0.055700336133158494,0.048418380320012035,negligible,0.2752019583843329,0.0007191462399043037,small,True,False
Lactococcus,0.05309538672929115,0.05946082417662909,negligible,0.25062423500611997,0.0017443608314022415,small,True,False
Family XIII UCG-001,0.045996183958312,0.10628697912013806,negligible,0.18952264381884945,0.017858995712863698,small,True,False
Ruminococcaceae UCG-013,0.04397476083679871,0.121096980522358,negligible,-0.0199265605875153,0.8253718824471147,negligible,False,False
Fusicatenibacter,0.043182045887185654,0.1265123427801161,negligible,-0.1775764993880049,0.025710301290998973,small,False,False
[Eubacterium] hallii group,0.043162228013445325,0.1265123427801161,negligible,-0.09297429620563036,0.26728733825610423,negligible,False,False
Butyricicoccus,0.041400639236527426,0.1432142895456613,negligible,0.005826193390452876,0.9502153991619506,negligible,True,False
Subdoligranulum,0.04053525874986651,0.1512893429022704,negligible,-0.10276621787025704,0.21480835066149087,negligible,False,False
Megamonas,0.039813007351330164,0.15803726012680772,negligible,-0.08758873929008568,0.3012505086783224,negligible,False,False
Bacteroides,0.034658158192874156,0.22224597536988006,negligible,-0.013365973072215423,0.8936069547282836,negligible,False,False
[Eubacterium] eligens group,0.03288776147207166,0.24737693398543645,negligible,-0.05507955936352509,0.5311430804339894,negligible,False,False
Ruminococcaceae UCG-004,0.025797366644977105,0.36352354405460785,negligible,0.08719706242350062,0.3012505086783224,negligible,True,False
[Eubacterium] ruminantium group,0.022434934067035058,0.42223455807813903,negligible,-0.035789473684210524,0.7038815024135339,negligible,False,False
Allisonella,0.018262170651710777,0.5125302639626037,negligible,0.06428396572827418,0.4700775213965741,negligible,True,False
Ruminococcaceae UCG-014,0.007474641379059774,0.7849308405083708,negligible,-0.010526315789473684,0.9160473312866693,negligible,False,False
Escherichia-Shigella,-0.00304424560511125,0.9089418417847349,negligible,0.255422276621787,0.0015999981701110785,small,False,False
Marvinbryantia,-0.01150867967820177,0.6759395506406675,negligible,0.06046511627906977,0.491675660116184,negligible,False,False
Ruminiclostridium 9,-0.012891526868082323,0.6431234878778633,negligible,0.04988984088127295,0.5748607915319257,negligible,False,False
Lachnospiraceae UCG-006,-0.013426609459071136,0.6336531137791442,negligible,-0.2380905752753978,0.0027368910068613964,small,True,False
Erysipelotrichaceae UCG-003,-0.019164984899881204,0.49455058845786504,negligible,-0.09542227662178702,0.2541197322169284,negligible,True,False
Barnesiella,-0.023815579270944465,0.3954824038539758,negligible,-0.007099143206854345,0.9432777016012995,negligible,True,False
[Ruminococcus] gauvreauii group,-0.025343757534920745,0.36663422996234424,negligible,0.07476132190942472,0.38440914361263795,negligible,False,False
Christensenellaceae R-7 group,-0.02548028066513188,0.36663422996234424,negligible,0.030893512851897186,0.7402290053848914,negligible,False,False
Sutterella,-0.027860627499942198,0.32559118835303563,negligible,-0.11774785801713586,0.15762572844303796,negligible,True,False
Lachnospiraceae FCS020 group,-0.028785461607824095,0.3109045323263076,negligible,-0.1775764993880049,0.025710301290998973,small,True,False
Parabacteroides,-0.029386603777947332,0.30249518635543327,negligible,-0.11578947368421053,0.16121963898611602,negligible,True,False
Coprococcus 2,-0.032522231800861195,0.25102133298662066,negligible,-0.02599755201958384,0.7774514680172298,negligible,True,False
Lachnoclostridium,-0.03553675059536196,0.2114211153367072,negligible,-0.025899632802937576,0.7774514680172298,negligible,True,False
Lachnospiraceae ND3007 group,-0.04422358525153836,0.11992451819223371,negligible,-0.18864137086903304,0.017911814632248228,small,True,False
Coprococcus 3,-0.04464636655799866,0.11715500144530332,negligible,-0.16024479804161568,0.04503222085759698,small,True,False
[Eubacterium] coprostanoligenes group,-0.05074366571210575,0.0723289154311877,negligible,-0.04891064871481028,0.5787090288604736,negligible,True,False
Dialister,-0.05313061850482951,0.05946082417662909,negligible,-0.12303549571603427,0.13832447883083937,negligible,True,False
Agathobacter,-0.05379561826811601,0.057000942383131976,negligible,-0.19412484700122398,0.015002702161957801,small,True,False
[Eubacterium] ventriosum group,-0.058179772336670446,0.038767769725471926,negligible,-0.2144920440636475,0.006965489933375397,small,True,False
Butyricimonas,-0.0627554991847147,0.02552505595265088,negligible,-0.010134638922888618,0.9160473312866693,negligible,True,False
Roseburia,-0.06328177383181892,0.024461983023613198,negligible,-0.24269277845777235,0.0023448388480424255,small,True,False
Lachnospira,-0.06617298141193542,0.018527719170170116,negligible,-0.1772827417380661,0.025710301290998973,small,True,False
Lachnospiraceae NK4A136 group,-0.06782006691835367,0.015898804058438257,negligible,-0.1811015911872705,0.023955946773553408,small,True,False
Ruminococcaceae UCG-005,-0.0703457448272597,0.012344348530762219,negligible,-0.060660954712362304,0.491675660116184,negligible,True,False
Tyzzerella 3,-0.07759688463024803,0.005528156139929113,negligible,-0.22340269277845778,0.004997284616102826,small,True,False
Ruminococcaceae UCG-003,-0.0777862554237667,0.005470044099213575,negligible,-0.24357405140758873,0.0023448388480424255,small,True,False
CAG-56,-0.08937971156185764,0.0012994248694924646,negligible,-0.05664626682986536,0.5204643884648897,negligible,True,False
Ruminococcus 1,-0.09113689636683325,0.001034530774731402,negligible,-0.2083231334149327,0.008861868059966955,small,True,False
Oscillibacter,-0.09169840278947583,0.000969768453967404,negligible,0.043035495716034274,0.6299135387538214,negligible,False,False
Ruminococcaceae NK4A214 group,-0.0939466304660173,0.0007165201207614585,negligible,-0.1793390452876377,0.025253317248026985,small,True,False
Coprococcus 1,-0.09551224249150309,0.0005805212095786166,negligible,-0.031187270501835986,0.7402290053848914,negligible,True,False
Odoribacter,-0.09569720931307947,0.0005730823099652763,negligible,-0.12019583843329254,0.14859146120283162,negligible,True,False
Phascolarctobacterium,-0.09739934446877639,0.0004600984255174711,negligible,-0.04979192166462668,0.5748607915319257,negligible,True,False
[Ruminococcus] torques group,-0.09771422846265046,0.00045222033425177646,negligible,0.03216646266829865,0.7386837373756974,negligible,False,False
Klebsiella,-0.1026004353326265,0.00022345052609287942,negligible,0.19598531211750306,0.014380643199029833,small,False,False
Dorea,-0.10594525202279936,0.00013679180300840493,negligible,-0.024430844553243573,0.7809829177728316,negligible,True,False
Parasutterella,-0.12678484725373815,4.315970695211264e-06,negligible,-0.16798041615667075,0.034661855151834495,small,True,False
Ruminococcaceae UCG-002,-0.13718482699546722,5.983052914065428e-07,negligible,-0.15936352509179927,0.045042750971717664,small,True,False
Lachnospiraceae UCG-010,-0.15035490508889968,4.441643859108014e-08,small,-0.13605875152998775,0.09729299422109765,negligible,True,False
Alistipes,-0.15875768355479808,7.2068314306859776e-09,small,-0.12822521419828642,0.12125282121366636,negligible,True,False
Bilophila,-0.22068413502137577,8.750136710288543e-16,small,-0.198531211750306,0.013134947769075422,small,True,True
