genus,importance,cliffs_d,q_value,effect
Klebsiella,0.028425202656149503,-0.1026004353326265,0.0002234505260928,negligible
Bilophila,0.02152330035175874,-0.2206841350213757,8.750136710288543e-16,small
Veillonella,0.02108608977111108,0.2741307385130649,8.753885270467245e-23,small
Blautia,0.020077208683848678,0.2218445816281704,6.461181103565594e-16,small
Lachnospiraceae NC2004 group,0.017309295275440093,0.2430981502216849,1.37558001901562e-18,small
[Ruminococcus] gnavus group,0.016885146550214815,0.2510120878019886,1.2634091954211938e-19,small
Subdoligranulum,0.0159264774003831,0.0405352587498665,0.1512893429022704,negligible
Parasutterella,0.015606504286011071,-0.1267848472537381,4.315970695211264e-06,negligible
Lachnoclostridium,0.015556642066917741,-0.0355367505953619,0.2114211153367072,negligible
Terrisporobacter,0.015158852492411801,0.2682580419280149,4.240597539544094e-22,small
Anaerostipes,0.015050667798429571,0.1468603533526888,9.256084834943904e-08,negligible
Ruminococcus 2,0.014243986788467661,0.0969193115270662,0.000486638012752,negligible
Clostridium sensu stricto 1,0.014127640434113947,0.1581521374127325,8.094681301326028e-09,small
Escherichia-Shigella,0.013926312384990936,-0.0030442456051112,0.9089418417847348,negligible
Intestinibacter,0.013921170997786099,0.1997938941131006,2.8245858030853733e-13,small
[Eubacterium] hallii group,0.013085203859089355,0.0431622280134453,0.1265123427801161,negligible
Lactococcus,0.01298029459035287,0.0530953867292911,0.059460824176629,negligible
Erysipelatoclostridium,0.01262839156903691,0.2565853142949626,2.2357220744814875e-20,small
Enterobacter,0.01252469106581569,0.0557003361331584,0.048418380320012,negligible
Bifidobacterium,0.01251390444302173,0.1682966867818085,8.299917033412596e-10,small
Dorea,0.012030995271140309,-0.1059452520227993,0.0001367918030084,negligible
Tyzzerella 3,0.011400551248351863,-0.077596884630248,0.0055281561399291,negligible
Faecalibacterium,0.010658673017665309,0.0650521705526214,0.0206083285136887,negligible
Ruminiclostridium 5,0.010600069111398429,0.1404503721906787,3.2664833617108586e-07,negligible
Lachnospira,0.010281355027010781,-0.0661729814119354,0.0185277191701701,negligible
[Ruminococcus] torques group,0.010252902739515998,-0.0977142284626504,0.0004522203342517,negligible
Romboutsia,0.009985691456555645,0.1010964789143328,0.0002769232925425,negligible
Ruminococcaceae UCG-013,0.0091278347547914,0.0439747608367987,0.121096980522358,negligible
Dialister,0.008611663423549125,-0.0531306185048295,0.059460824176629,negligible
Phascolarctobacterium,0.008548993082741806,-0.0973993444687763,0.0004600984255174,negligible
Lactobacillus,0.008330703279971683,0.2140627632061356,6.119031221889309e-15,small
Lachnospiraceae UCG-010,0.008294447865485409,-0.1503549050888996,4.4416438591080144e-08,small
Fusicatenibacter,0.008167393687579568,0.0431820458871856,0.1265123427801161,negligible
Flavonifractor,0.00815042154945149,0.1444932184337053,1.4978798547224913e-07,negligible
Oscillibacter,0.008124935451864036,-0.0916984027894758,0.0009697684539674,negligible
Alistipes,0.00805241272644886,-0.158757683554798,7.206831430685977e-09,small
Sutterella,0.00794743761961868,-0.0278606274999421,0.3255911883530356,negligible
Defluviitaleaceae UCG-011,0.007908047804232508,0.2366925730316172,1.0606022774531209e-17,small
Granulicatella,0.00790235799951665,0.2245530243726817,2.9126967278404693e-16,small
CAG-56,0.007870275314577811,-0.0893797115618576,0.0012994248694924,negligible
Bacteroides,0.007840014342865107,0.0346581581928741,0.22224597536988,negligible
Weissella,0.007832418271996171,0.0823840021315224,0.0031355119822254,negligible
[Ruminococcus] gauvreauii group,0.007784973125944813,-0.0253437575349207,0.3666342299623442,negligible
Ruminiclostridium 9,0.007745284095471048,-0.0128915268680823,0.6431234878778633,negligible
Lachnospiraceae UCG-006,0.007739891891542948,-0.0134266094590711,0.6336531137791442,negligible
Parabacteroides,0.007718581894264383,-0.0293866037779473,0.3024951863554332,negligible
Citrobacter,0.007630092607047003,0.1040008984102762,0.0001827167340238,negligible
Turicibacter,0.007615056759972752,0.1539353342779853,2.0570088416729265e-08,small
Coprococcus 1,0.007545527983796487,-0.095512242491503,0.0005805212095786,negligible
GCA-900066225,0.007543237309768583,0.2333763821590692,2.2634637296117525e-17,small
Coprococcus 3,0.007412084027965751,-0.0446463665579986,0.1171550014453033,negligible
[Eubacterium] ventriosum group,0.007320756495941971,-0.0581797723366704,0.0387677697254719,negligible
Butyricicoccus,0.007299647716381631,0.0414006392365274,0.1432142895456613,negligible
Erysipelotrichaceae UCG-003,0.007251149920193479,-0.0191649848998812,0.494550588457865,negligible
Roseburia,0.0072188670374316284,-0.0632817738318189,0.0244619830236131,negligible
[Eubacterium] coprostanoligenes group,0.007132350005167888,-0.0507436657121057,0.0723289154311877,negligible
Lachnospiraceae ND3007 group,0.00710900601728813,-0.0442235852515383,0.1199245181922337,negligible
Rothia,0.007053698595214554,0.2459893578018014,6.010549150897447e-19,small
Lachnospiraceae UCG-004,0.00700969792997522,0.0882522947446301,0.0014940875260422,negligible
Lachnospiraceae NK4A136 group,0.006787225179110356,-0.0678200669183536,0.0158988040584382,negligible
Tyzzerella 4,0.00669182614501068,0.2343628718741432,1.8080574433955456e-17,small
Streptococcus,0.0066711702158889965,0.123719682781901,7.4600892209913346e-06,negligible
[Eubacterium] eligens group,0.006633752049988207,0.0328877614720716,0.2473769339854364,negligible
Intestinimonas,0.00656098209422759,0.1801631891803217,4.9539309439817146e-11,small
Holdemania,0.006497188095770371,0.1625495033971138,3.125900215821854e-09,small
Ruminococcaceae UCG-004,0.006275207766577372,0.0257973666449771,0.3635235440546078,negligible
Allisonella,0.006238734649646168,0.0182621706517107,0.5125302639626037,negligible
Sellimonas,0.006206135527987725,0.2280343641930657,1.2001481410388643e-16,small
Agathobacter,0.00620289339529711,-0.053795618268116,0.0570009423831319,negligible
Collinsella,0.006186066831790154,0.0600977021175398,0.032900302088468,negligible
Ruminococcaceae UCG-005,0.006176437493287438,-0.0703457448272597,0.0123443485307622,negligible
Christensenellaceae R-7 group,0.006155764487094292,-0.0254802806651318,0.3666342299623442,negligible
Prevotella 9,0.006113192904237694,0.0707707281196911,0.0119141839811674,negligible
Odoribacter,0.006107240781274747,-0.0956972093130794,0.0005730823099652,negligible
Ruminococcaceae UCG-002,0.005968055342489255,-0.1371848269954672,5.983052914065428e-07,negligible
Akkermansia,0.005907370892985317,0.2181848809441235,1.806891994605148e-15,small
Actinomyces,0.00587711005968641,0.1713112055763092,4.2899150654684555e-10,small
Lachnospiraceae FCS020 group,0.005848730452900246,-0.028785461607824,0.3109045323263076,negligible
Enterococcus,0.005645651143496824,0.1132096037416145,4.319306504947344e-05,negligible
Ruminococcus 1,0.005628444623663186,-0.0911368963668332,0.0010345307747314,negligible
Megamonas,0.005603843615222273,0.0398130073513301,0.1580372601268077,negligible
Ruminococcaceae UCG-003,0.005545695096481006,-0.0777862554237667,0.0054700440992135,negligible
Coprobacillus,0.005525263480941401,0.2269003414179248,1.4690544474249062e-16,small
Megasphaera,0.005496567635301229,0.1396664651849503,3.760808580000068e-07,negligible
Haemophilus,0.005353513837464984,0.2346293121766521,1.8080574433955456e-17,small
Gemella,0.005316019856089888,0.2112111913734997,1.3138667670631054e-14,small
[Clostridium] innocuum group,0.0052779057453035995,0.2063359944333794,4.7162198698635135e-14,small
Family XIII UCG-001,0.005276275876490021,0.045996183958312,0.106286979120138,negligible
Staphylococcus,0.005241866992553766,0.2276468146621438,1.248344340718034e-16,small
Absiella,0.0052375592117292515,0.2115194694094604,1.2596221866412555e-14,small
Ruminococcaceae NK4A214 group,0.0052208850096427525,-0.0939466304660173,0.0007165201207614,negligible
Family XIII AD3011 group,0.00515913517211934,0.1135861433426807,4.12066123905616e-05,negligible
Barnesiella,0.005135814291212746,-0.0238155792709444,0.3954824038539758,negligible
Coprobacter,0.005131911468793388,0.0746528293868239,0.0077426944502047,negligible
Desulfovibrio,0.00505066213322293,0.1152904804843488,3.137538228012256e-05,negligible
Coprococcus 2,0.004961831654605455,-0.0325222318008611,0.2510213329866206,negligible
TM7 phylum sp. oral clone DR034,0.004957791891195844,0.1740702939981569,2.2168978282736438e-10,small
Butyricimonas,0.004925919944235623,-0.0627554991847147,0.0255250559526508,negligible
UBA1819,0.004874793683695745,0.161162252235291,4.2247072194126956e-09,small
Lachnospiraceae UCG-001,0.004855576656970522,0.0590187289916775,0.0361491294181378,negligible
Holdemanella,0.004725669243085338,0.106837056341114,0.0001206172946657,negligible
Lachnospiraceae UCG-008,0.004712510423404474,0.1647294695085497,1.911378338962853e-09,small
Ruminococcaceae UCG-010,0.00466627855485749,0.1433613976445356,1.86066656461147e-07,negligible
[Eubacterium] ruminantium group,0.004648123231114261,0.022434934067035,0.422234558078139,negligible
Ruminococcaceae UCG-014,0.0046415282860056105,0.0074746413790597,0.7849308405083708,negligible
Marvinbryantia,0.004628161832619718,-0.0115086796782017,0.6759395506406675,negligible
GCA-900066575,0.004617225305035779,0.1338818480387461,1.1310180688976078e-06,negligible
metagenome,0.004566139988381621,0.20812180505598,2.8935095542177935e-14,small
Hungatella,0.004485240060629132,0.2100111090192244,1.71637638301744e-14,small
Tyzzerella,0.004447037825171386,0.1932319759190814,1.6787767000694853e-12,small
Negativibacillus,0.00443951431824597,0.0976041291640931,0.0004529401899602,negligible
Fournierella,0.004432706635073546,0.2107289564458185,1.4478951758454093e-14,small
Fusobacterium,0.0044240031632074225,0.1683561404030295,8.299917033412596e-10,small
gut metagenome,0.004400139094909833,0.0667697196101163,0.0175893940925851,negligible
Paraprevotella,0.004329260471779687,0.0829741343717899,0.0029456709053912,negligible
Moryella,0.0042919010519255705,0.0701827978653948,0.0124233433712179,negligible
Ruminiclostridium 6,0.004180521520591127,0.1176928471788706,2.145018292823932e-05,negligible
Phocea,0.0041781972293237005,0.1770055412976963,1.0846507696721746e-10,small
Solobacterium,0.004161392906132882,0.1687414879479802,7.84978983380911e-10,small
Peptococcus,0.004152701239606933,0.1882642955681729,6.140977918881297e-12,small
Lachnospiraceae UCG-003,0.004047012896464675,0.2003443906058874,2.5039420296938216e-13,small
[Eubacterium] xylanophilum group,0.0040409739657072076,0.1167702150569598,2.4745283549886927e-05,negligible
Anaerotruncus,0.004009850187561369,0.1994613942314573,2.9962588619181165e-13,small
Prevotella 2,0.0037310702752486155,0.2025860123245154,1.361246588428639e-13,small
Adlercreutzia,0.003704800653359906,0.1431786328089303,1.894431869158808e-07,negligible
uncultured bacterium,0.003492779370335714,0.1801874110260043,4.9539309439817146e-11,small
Eisenbergiella,0.0034050706727621295,0.1917434334025858,2.450659508462491e-12,small
Ruminococcaceae UCG-009,0.003305694286728743,0.1394859023353162,3.828213697058e-07,negligible
