genus,mean_abs_shap,mean_shap,gini,cliffs_d,q_value,effect,rank_shap,rank_gini,rank_shift
Klebsiella,0.024893910625672953,-0.0009565787778572599,0.028425202656149503,-0.1026004353326265,0.0002234505260928,negligible,1.0,1.0,0.0
Veillonella,0.017711948299948172,0.0014038238175051595,0.02108608977111108,0.2741307385130649,8.753885270467245e-23,small,2.0,3.0,1.0
Bilophila,0.016247844852398198,-0.0004891194687852807,0.02152330035175874,-0.2206841350213757,8.750136710288543e-16,small,3.0,2.0,-1.0
Lachnospiraceae NC2004 group,0.013127932264096212,0.0005594695078975849,0.017309295275440093,0.2430981502216849,1.37558001901562e-18,small,4.0,5.0,1.0
Blautia,0.011813625339498974,-0.001183842205480332,0.020077208683848678,0.2218445816281704,6.461181103565594e-16,small,5.0,4.0,-1.0
Terrisporobacter,0.011098451871899239,0.0005457961025769663,0.015158852492411801,0.2682580419280149,4.240597539544094e-22,small,6.0,10.0,4.0
[Ruminococcus] gnavus group,0.010739499545348462,-0.0003803504304139096,0.016885146550214815,0.2510120878019886,1.2634091954211938e-19,small,7.0,6.0,-1.0
Subdoligranulum,0.01026814402225652,-0.0002932245895050515,0.0159264774003831,0.0405352587498665,0.1512893429022704,negligible,8.0,7.0,-1.0
Parasutterella,0.010048086395655628,-0.0007692755293373894,0.015606504286011071,-0.1267848472537381,4.315970695211264e-06,negligible,9.0,8.0,-1.0
Lachnoclostridium,0.008999234260255826,0.000691154235324096,0.015556642066917741,-0.0355367505953619,0.2114211153367072,negligible,10.0,9.0,-1.0
Anaerostipes,0.008923888482135383,0.00011524754468722541,0.015050667798429571,0.1468603533526888,9.256084834943904e-08,negligible,11.0,11.0,0.0
Ruminococcus 2,0.008249223148157627,6.350587897476913e-05,0.014243986788467661,0.0969193115270662,0.000486638012752,negligible,12.0,12.0,0.0
Enterobacter,0.007794204213891548,-0.0005938268086740161,0.01252469106581569,0.0557003361331584,0.048418380320012,negligible,13.0,19.0,6.0
Erysipelatoclostridium,0.007774072729914652,-0.00040404250653830096,0.01262839156903691,0.2565853142949626,2.2357220744814875e-20,small,14.0,18.0,4.0
Lactococcus,0.0077435461644782015,-0.0018947014827710841,0.01298029459035287,0.0530953867292911,0.059460824176629,negligible,15.0,17.0,2.0
Clostridium sensu stricto 1,0.007734113121048916,0.00043079596367214424,0.014127640434113947,0.1581521374127325,8.094681301326028e-09,small,16.0,13.0,-3.0
Dorea,0.007541024672864424,0.0002471497569399842,0.012030995271140309,-0.1059452520227993,0.0001367918030084,negligible,17.0,21.0,4.0
Tyzzerella 3,0.007418122395246972,-1.2948187381048996e-05,0.011400551248351863,-0.077596884630248,0.0055281561399291,negligible,18.0,22.0,4.0
Intestinibacter,0.0070499061907731714,0.0002129402903487372,0.013921170997786099,0.1997938941131006,2.8245858030853733e-13,small,19.0,15.0,-4.0
Defluviitaleaceae UCG-011,0.006988198113676428,0.0010735185283244901,0.007908047804232508,0.2366925730316172,1.0606022774531209e-17,small,20.0,38.0,18.0
Escherichia-Shigella,0.0068437063726076094,-2.0914198243196866e-05,0.013926312384990936,-0.0030442456051112,0.9089418417847348,negligible,21.0,14.0,-7.0
Bifidobacterium,0.006484251029463618,-0.00030908431815371523,0.01251390444302173,0.1682966867818085,8.299917033412596e-10,small,22.0,20.0,-2.0
GCA-900066225,0.005838390335542634,0.000382452561270159,0.007543237309768583,0.2333763821590692,2.2634637296117525e-17,small,23.0,50.0,27.0
[Eubacterium] hallii group,0.005229519548649126,-0.00012388481017818723,0.013085203859089355,0.0431622280134453,0.1265123427801161,negligible,24.0,16.0,-8.0
Ruminiclostridium 5,0.004986162027183815,-0.00010339783487530871,0.010600069111398429,0.1404503721906787,3.2664833617108586e-07,negligible,25.0,24.0,-1.0
Rothia,0.004857025419339132,0.0002302783554972295,0.007053698595214554,0.2459893578018014,6.010549150897447e-19,small,26.0,58.0,32.0
Sellimonas,0.0047306338708265885,0.0001830360965218551,0.006206135527987725,0.2280343641930657,1.2001481410388643e-16,small,27.0,68.0,41.0
Faecalibacterium,0.004662117495205461,-3.7439646791964305e-05,0.010658673017665309,0.0650521705526214,0.0206083285136887,negligible,28.0,23.0,-5.0
Citrobacter,0.004451902244440469,-0.0006265209358758884,0.007630092607047003,0.1040008984102762,0.0001827167340238,negligible,29.0,47.0,18.0
Granulicatella,0.004435830034726353,0.00016392106818734274,0.00790235799951665,0.2245530243726817,2.9126967278404693e-16,small,30.0,39.0,9.0
Romboutsia,0.004420032557213792,9.10601633859764e-05,0.009985691456555645,0.1010964789143328,0.0002769232925425,negligible,31.0,27.0,-4.0
Lactobacillus,0.004303201983551736,0.00029518054582387994,0.008330703279971683,0.2140627632061356,6.119031221889309e-15,small,32.0,31.0,-1.0
Weissella,0.004291698941726766,-0.000301033989272238,0.007832418271996171,0.0823840021315224,0.0031355119822254,negligible,33.0,42.0,9.0
[Ruminococcus] torques group,0.004275084534107033,0.00032088289093166295,0.010252902739515998,-0.0977142284626504,0.0004522203342517,negligible,34.0,26.0,-8.0
Lachnospira,0.003974840257638017,0.00036538149204862555,0.010281355027010781,-0.0661729814119354,0.0185277191701701,negligible,35.0,25.0,-10.0
Oscillibacter,0.0039713880039420665,-0.0002915141701677799,0.008124935451864036,-0.0916984027894758,0.0009697684539674,negligible,36.0,35.0,-1.0
Coprococcus 1,0.003963886042629287,-7.989050345618383e-05,0.007545527983796487,-0.095512242491503,0.0005805212095786,negligible,37.0,49.0,12.0
Intestinimonas,0.003946177307044755,7.690882182762803e-05,0.00656098209422759,0.1801631891803217,4.9539309439817146e-11,small,38.0,64.0,26.0
Haemophilus,0.0038953111639847497,0.0006468718125159402,0.005353513837464984,0.2346293121766521,1.8080574433955456e-17,small,39.0,85.0,46.0
Coprobacillus,0.0036991752927702823,0.00040463683007616296,0.005525263480941401,0.2269003414179248,1.4690544474249062e-16,small,40.0,83.0,43.0
CAG-56,0.0036239193860487877,-0.0001778381706843681,0.007870275314577811,-0.0893797115618576,0.0012994248694924,negligible,41.0,40.0,-1.0
Akkermansia,0.0035678556481567054,0.00017466101459634684,0.005907370892985317,0.2181848809441235,1.806891994605148e-15,small,42.0,76.0,34.0
Sutterella,0.003533722805685407,-0.00016237823362439757,0.00794743761961868,-0.0278606274999421,0.3255911883530356,negligible,43.0,37.0,-6.0
Lachnospiraceae UCG-006,0.00346954872927039,-5.7794602205589956e-05,0.007739891891542948,-0.0134266094590711,0.6336531137791442,negligible,44.0,45.0,1.0
Staphylococcus,0.0033210194492579123,0.0007623636501806729,0.005241866992553766,0.2276468146621438,1.248344340718034e-16,small,45.0,89.0,44.0
Phascolarctobacterium,0.0032398368029816034,5.550748033021636e-05,0.008548993082741806,-0.0973993444687763,0.0004600984255174,negligible,46.0,30.0,-16.0
Tyzzerella 4,0.0032393176096650904,-0.00032546288482347653,0.00669182614501068,0.2343628718741432,1.8080574433955456e-17,small,47.0,61.0,14.0
Absiella,0.0031531864737495635,0.0005824206937560379,0.0052375592117292515,0.2115194694094604,1.2596221866412555e-14,small,48.0,90.0,42.0
Holdemania,0.0031501197425004837,0.0003012700374738618,0.006497188095770371,0.1625495033971138,3.125900215821854e-09,small,49.0,65.0,16.0
[Eubacterium] coprostanoligenes group,0.003136302742844828,-0.00021566370972720547,0.007132350005167888,-0.0507436657121057,0.0723289154311877,negligible,50.0,56.0,6.0
Lachnospiraceae UCG-010,0.0031173862210485065,-0.00022155452639058916,0.008294447865485409,-0.1503549050888996,4.4416438591080144e-08,small,51.0,32.0,-19.0
Ruminococcaceae UCG-013,0.0029756924826604913,0.0001660580507160083,0.0091278347547914,0.0439747608367987,0.121096980522358,negligible,52.0,28.0,-24.0
Turicibacter,0.0028069696239482406,4.1328087503231794e-05,0.007615056759972752,0.1539353342779853,2.0570088416729265e-08,small,53.0,48.0,-5.0
Gemella,0.002803056254276133,0.00027768351010587353,0.005316019856089888,0.2112111913734997,1.3138667670631054e-14,small,54.0,86.0,32.0
Flavonifractor,0.0027462738144532037,0.00031580250139330893,0.00815042154945149,0.1444932184337053,1.4978798547224913e-07,negligible,55.0,34.0,-21.0
metagenome,0.002649003343092114,0.0003974476601621934,0.004566139988381621,0.20812180505598,2.8935095542177935e-14,small,56.0,108.0,52.0
Dialister,0.0026312248185550585,-0.00016477646001654793,0.008611663423549125,-0.0531306185048295,0.059460824176629,negligible,57.0,29.0,-28.0
Ruminococcaceae UCG-005,0.002517979837498265,-0.00015432182339883725,0.006176437493287438,-0.0703457448272597,0.0123443485307622,negligible,58.0,71.0,13.0
Allisonella,0.0024339907761432703,-0.0002735796259195474,0.006238734649646168,0.0182621706517107,0.5125302639626037,negligible,59.0,67.0,8.0
[Eubacterium] eligens group,0.0023344642162992403,-2.3630682558631644e-05,0.006633752049988207,0.0328877614720716,0.2473769339854364,negligible,60.0,63.0,3.0
Fournierella,0.002321315440384429,0.0004030467993114791,0.004432706635073546,0.2107289564458185,1.4478951758454093e-14,small,61.0,112.0,51.0
Bacteroides,0.0022924526139633254,0.0005137452144549755,0.007840014342865107,0.0346581581928741,0.22224597536988,negligible,62.0,41.0,-21.0
Parabacteroides,0.002158936090028996,8.717757161505986e-05,0.007718581894264383,-0.0293866037779473,0.3024951863554332,negligible,63.0,46.0,-17.0
Lachnospiraceae NK4A136 group,0.0021305175668966756,2.1943537090198955e-05,0.006787225179110356,-0.0678200669183536,0.0158988040584382,negligible,64.0,60.0,-4.0
Lachnospiraceae UCG-003,0.00212850448062356,0.00045016552194091197,0.004047012896464675,0.2003443906058874,2.5039420296938216e-13,small,65.0,121.0,56.0
Christensenellaceae R-7 group,0.002109617544437926,3.148090697101286e-05,0.006155764487094292,-0.0254802806651318,0.3666342299623442,negligible,66.0,72.0,6.0
Alistipes,0.002032409032166989,-0.00042771922843793086,0.00805241272644886,-0.158757683554798,7.206831430685977e-09,small,67.0,36.0,-31.0
[Ruminococcus] gauvreauii group,0.0020293708480292713,-0.00023478407190566136,0.007784973125944813,-0.0253437575349207,0.3666342299623442,negligible,68.0,43.0,-25.0
GCA-900066575,0.0020043524544075043,-1.798026346613463e-05,0.004617225305035779,0.1338818480387461,1.1310180688976078e-06,negligible,69.0,107.0,38.0
Prevotella 9,0.0019472963905504035,-0.00013245058501908972,0.006113192904237694,0.0707707281196911,0.0119141839811674,negligible,70.0,73.0,3.0
Coprococcus 3,0.0019256828849857036,-9.637254666342109e-05,0.007412084027965751,-0.0446463665579986,0.1171550014453033,negligible,71.0,51.0,-20.0
Anaerotruncus,0.0018875332581226305,0.0003991104609577527,0.004009850187561369,0.1994613942314573,2.9962588619181165e-13,small,72.0,123.0,51.0
Lachnospiraceae ND3007 group,0.0018255194777486625,-0.00012855884175905224,0.00710900601728813,-0.0442235852515383,0.1199245181922337,negligible,73.0,57.0,-16.0
Collinsella,0.0018178730123076903,-8.766651641315375e-05,0.006186066831790154,0.0600977021175398,0.032900302088468,negligible,74.0,70.0,-4.0
Butyricicoccus,0.0017785086494767103,0.00014078800434933072,0.007299647716381631,0.0414006392365274,0.1432142895456613,negligible,75.0,53.0,-22.0
Lachnospiraceae UCG-001,0.0017576865558131163,0.00018501649616101343,0.004855576656970522,0.0590187289916775,0.0361491294181378,negligible,76.0,100.0,24.0
Ruminococcaceae UCG-004,0.0016450948951792774,-5.930794500791701e-05,0.006275207766577372,0.0257973666449771,0.3635235440546078,negligible,77.0,66.0,-11.0
Odoribacter,0.0016003180761630933,-0.0002516998746142082,0.006107240781274747,-0.0956972093130794,0.0005730823099652,negligible,78.0,74.0,-4.0
Lachnospiraceae UCG-004,0.0015680763988790627,-4.6849030824201174e-05,0.00700969792997522,0.0882522947446301,0.0014940875260422,negligible,79.0,59.0,-20.0
Fusicatenibacter,0.0015617301918997323,0.00023168386585743135,0.008167393687579568,0.0431820458871856,0.1265123427801161,negligible,80.0,33.0,-47.0
Hungatella,0.0015502516197089446,7.577400711261063e-05,0.004485240060629132,0.2100111090192244,1.71637638301744e-14,small,81.0,109.0,28.0
Adlercreutzia,0.0015487531353970342,-0.00047847061363441915,0.003704800653359906,0.1431786328089303,1.894431869158808e-07,negligible,82.0,125.0,43.0
Megasphaera,0.0015306519799375058,0.00011504055441366405,0.005496567635301229,0.1396664651849503,3.760808580000068e-07,negligible,83.0,84.0,1.0
Ruminiclostridium 6,0.001527005583962511,-0.00017639768929017817,0.004180521520591127,0.1176928471788706,2.145018292823932e-05,negligible,84.0,117.0,33.0
Ruminiclostridium 9,0.0015239442613645623,-0.00026499613159643593,0.007745284095471048,-0.0128915268680823,0.6431234878778633,negligible,85.0,44.0,-41.0
Ruminococcaceae UCG-010,0.0015233935820685416,-8.843657296944036e-05,0.00466627855485749,0.1433613976445356,1.86066656461147e-07,negligible,86.0,103.0,17.0
Prevotella 2,0.0015232730845021745,2.119472155994267e-06,0.0037310702752486155,0.2025860123245154,1.361246588428639e-13,small,87.0,124.0,37.0
Roseburia,0.001523079103752404,0.00027453093327873694,0.0072188670374316284,-0.0632817738318189,0.0244619830236131,negligible,88.0,55.0,-33.0
Actinomyces,0.001510792011705857,0.00021822790295695864,0.00587711005968641,0.1713112055763092,4.2899150654684555e-10,small,89.0,77.0,-12.0
Desulfovibrio,0.0014699710149303378,-5.262066148446963e-06,0.00505066213322293,0.1152904804843488,3.137538228012256e-05,negligible,90.0,95.0,5.0
Tyzzerella,0.0014675750217975475,0.0004460014467871447,0.004447037825171386,0.1932319759190814,1.6787767000694853e-12,small,91.0,110.0,19.0
Butyricimonas,0.001463558314760546,-6.35543525598019e-06,0.004925919944235623,-0.0627554991847147,0.0255250559526508,negligible,92.0,98.0,6.0
[Eubacterium] ventriosum group,0.0014403466512799836,0.0002322867066717341,0.007320756495941971,-0.0581797723366704,0.0387677697254719,negligible,93.0,52.0,-41.0
Family XIII AD3011 group,0.0014282408531224077,-0.00011952279393541993,0.00515913517211934,0.1135861433426807,4.12066123905616e-05,negligible,94.0,92.0,-2.0
Erysipelotrichaceae UCG-003,0.0013912333029722052,0.00015067569549382626,0.007251149920193479,-0.0191649848998812,0.494550588457865,negligible,95.0,54.0,-41.0
Peptococcus,0.0013710949147981788,0.00015724987701672038,0.004152701239606933,0.1882642955681729,6.140977918881297e-12,small,96.0,120.0,24.0
Phocea,0.0013641224262755508,8.97118141550232e-05,0.0041781972293237005,0.1770055412976963,1.0846507696721746e-10,small,97.0,118.0,21.0
Coprobacter,0.0012708799019711652,-0.00022678702510869748,0.005131911468793388,0.0746528293868239,0.0077426944502047,negligible,98.0,94.0,-4.0
Holdemanella,0.001245602073073006,-0.0002852898080226846,0.004725669243085338,0.106837056341114,0.0001206172946657,negligible,99.0,101.0,2.0
UBA1819,0.0012364038293898386,5.596769465699359e-05,0.004874793683695745,0.161162252235291,4.2247072194126956e-09,small,100.0,99.0,-1.0
Fusobacterium,0.001167194296141965,0.00014541948936113545,0.0044240031632074225,0.1683561404030295,8.299917033412596e-10,small,101.0,113.0,12.0
Solobacterium,0.001155535184889,0.00016154529624693497,0.004161392906132882,0.1687414879479802,7.84978983380911e-10,small,102.0,119.0,17.0
gut metagenome,0.0011502020057824927,6.947481216257186e-05,0.004400139094909833,0.0667697196101163,0.0175893940925851,negligible,103.0,114.0,11.0
Marvinbryantia,0.0011486040827761571,-0.00021127994451617153,0.004628161832619718,-0.0115086796782017,0.6759395506406675,negligible,104.0,106.0,2.0
Coprococcus 2,0.0011387829399893083,0.00011912409643956364,0.004961831654605455,-0.0325222318008611,0.2510213329866206,negligible,105.0,96.0,-9.0
Lachnospiraceae FCS020 group,0.0011332886157730954,-0.00018221289656299454,0.005848730452900246,-0.028785461607824,0.3109045323263076,negligible,106.0,78.0,-28.0
Family XIII UCG-001,0.0011209468003049936,-2.0255502063086416e-05,0.005276275876490021,0.045996183958312,0.106286979120138,negligible,107.0,88.0,-19.0
Megamonas,0.0011149755359110146,-0.00018809937382488953,0.005603843615222273,0.0398130073513301,0.1580372601268077,negligible,108.0,81.0,-27.0
Enterococcus,0.0010975835720606478,0.00011763205254161295,0.005645651143496824,0.1132096037416145,4.319306504947344e-05,negligible,109.0,79.0,-30.0
Ruminococcaceae UCG-014,0.0010890771406603915,-0.00015817162143691297,0.0046415282860056105,0.0074746413790597,0.7849308405083708,negligible,110.0,105.0,-5.0
Ruminococcus 1,0.0010791948919011579,5.8483909161656206e-05,0.005628444623663186,-0.0911368963668332,0.0010345307747314,negligible,111.0,80.0,-31.0
TM7 phylum sp. oral clone DR034,0.001075377530710579,0.00015655895194249312,0.004957791891195844,0.1740702939981569,2.2168978282736438e-10,small,112.0,97.0,-15.0
Ruminococcaceae UCG-002,0.0010719556319234188,-0.0002800529454345714,0.005968055342489255,-0.1371848269954672,5.983052914065428e-07,negligible,113.0,75.0,-38.0
[Clostridium] innocuum group,0.0010555362876914355,5.349183503567605e-06,0.0052779057453035995,0.2063359944333794,4.7162198698635135e-14,small,114.0,87.0,-27.0
[Eubacterium] xylanophilum group,0.0010547151058803116,-6.031882782407671e-05,0.0040409739657072076,0.1167702150569598,2.4745283549886927e-05,negligible,115.0,122.0,7.0
Lachnospiraceae UCG-008,0.00103505360635893,9.478285572330182e-05,0.004712510423404474,0.1647294695085497,1.911378338962853e-09,small,116.0,102.0,-14.0
Streptococcus,0.0010157414181395238,-4.969331676272776e-06,0.0066711702158889965,0.123719682781901,7.4600892209913346e-06,negligible,117.0,62.0,-55.0
[Eubacterium] ruminantium group,0.0009938518787546808,-9.007498383219661e-05,0.004648123231114261,0.022434934067035,0.422234558078139,negligible,118.0,104.0,-14.0
Ruminococcaceae UCG-003,0.000990666162995801,-2.408995213009412e-05,0.005545695096481006,-0.0777862554237667,0.0054700440992135,negligible,119.0,82.0,-37.0
Barnesiella,0.000953224492231122,-2.258041630150571e-05,0.005135814291212746,-0.0238155792709444,0.3954824038539758,negligible,120.0,93.0,-27.0
Eisenbergiella,0.0009139280962263067,0.0001549346649052389,0.0034050706727621295,0.1917434334025858,2.450659508462491e-12,small,121.0,127.0,6.0
Agathobacter,0.0008625582670296995,8.187159733027215e-05,0.00620289339529711,-0.053795618268116,0.0570009423831319,negligible,122.0,69.0,-53.0
Negativibacillus,0.0008536207998351148,-0.00018408081285905544,0.00443951431824597,0.0976041291640931,0.0004529401899602,negligible,123.0,111.0,-12.0
Paraprevotella,0.0008108719488213868,-5.519914676387393e-05,0.004329260471779687,0.0829741343717899,0.0029456709053912,negligible,124.0,115.0,-9.0
Ruminococcaceae NK4A214 group,0.0007992455067035052,-6.561582356057488e-05,0.0052208850096427525,-0.0939466304660173,0.0007165201207614,negligible,125.0,91.0,-34.0
Moryella,0.0007311046583550567,-4.107829625942908e-06,0.0042919010519255705,0.0701827978653948,0.0124233433712179,negligible,126.0,116.0,-10.0
uncultured bacterium,0.0006860474611308914,0.00010527285276588538,0.003492779370335714,0.1801874110260043,4.9539309439817146e-11,small,127.0,126.0,-1.0
Ruminococcaceae UCG-009,0.0006162487982413456,-0.00011292677686811496,0.003305694286728743,0.1394859023353162,3.828213697058e-07,negligible,128.0,128.0,0.0
